{
    "Cavg": {
        "Mondrian": 1.6666666666666667
    },
    "DM": {
        "Mondrian": 100
    },
    "GENILoss": {
        "Mondrian": 12.386869802815236
    }
}